event_id,timestamp,event_type,detection_source,vessel_or_terminal,location,severity,description,persons_exposed,immediate_action,recommended_corrective_action,responsible_owner,due_date,status,overdue_flag,risk_score,evidence_reference,risk_level,owner,event_date
SE-0001,2026-07-23T08:00:00,Missing PPE,Synthetic camera event,North Container Terminal,Berth 1,Low,Synthetic missing ppe observation for workflow demonstration,7,Area made safe and supervisor informed,"Review conditions, brief personnel and verify controls",Unassigned,2026-08-15,New,False,32,SYN-EVID-0001,Low,Unassigned,2026-07-23
SE-0002,2026-07-23T04:00:00,Worker and vehicle proximity,Operator observation,South Container Terminal,Yard A,Medium,Synthetic worker and vehicle proximity observation for workflow demonstration,6,Area made safe and supervisor informed,"Review conditions, brief personnel and verify controls",Unassigned,2026-08-05,Acknowledged,False,50,SYN-EVID-0002,Medium,Unassigned,2026-07-23
SE-0003,2026-07-23T00:00:00,Restricted-area entry,Sensor alarm,MV Horizon Star,Workshop,High,Synthetic restricted-area entry observation for workflow demonstration,7,Area made safe and supervisor informed,"Review conditions, brief personnel and verify controls",Unassigned,2026-07-18,Under Review,True,91,SYN-EVID-0003,High,Unassigned,2026-07-23
SE-0004,2026-07-22T20:00:00,Unsafe lifting activity,Supervisor inspection,MV Meridian,Reefer Stack,Critical,Synthetic unsafe lifting activity observation for workflow demonstration,1,Area made safe and supervisor informed,"Review conditions, brief personnel and verify controls",Unassigned,2026-07-31,In Progress,False,87,SYN-EVID-0004,Critical,Unassigned,2026-07-23
SE-0005,2026-07-22T16:00:00,Person below suspended load,Synthetic camera event,North Container Terminal,Engine Room,Low,Synthetic person below suspended load observation for workflow demonstration,6,Area made safe and supervisor informed,"Review conditions, brief personnel and verify controls",Unassigned,2026-08-14,Closed,False,30,SYN-EVID-0005,Low,Unassigned,2026-07-23
SE-0006,2026-07-22T12:00:00,Vehicle speeding,Operator observation,South Container Terminal,Access Gate,Medium,Synthetic vehicle speeding observation for workflow demonstration,6,Area made safe and supervisor informed,"Review conditions, brief personnel and verify controls",Unassigned,2026-08-09,New,False,50,SYN-EVID-0006,Medium,Unassigned,2026-07-23
SE-0007,2026-07-22T08:00:00,Fire or smoke observation,Sensor alarm,MV Horizon Star,Berth 1,High,Synthetic fire or smoke observation observation for workflow demonstration,5,Area made safe and supervisor informed,"Review conditions, brief personnel and verify controls",Unassigned,2026-08-11,Acknowledged,False,75,SYN-EVID-0007,High,Unassigned,2026-07-23
SE-0008,2026-07-22T04:00:00,Oil or chemical spill,Supervisor inspection,MV Meridian,Yard A,Critical,Synthetic oil or chemical spill observation for workflow demonstration,5,Area made safe and supervisor informed,"Review conditions, brief personnel and verify controls",Unassigned,2026-08-14,Under Review,False,95,SYN-EVID-0008,Critical,Unassigned,2026-07-23
SE-0009,2026-07-22T00:00:00,Unsafe working at height,Synthetic camera event,North Container Terminal,Workshop,Low,Synthetic unsafe working at height observation for workflow demonstration,7,Area made safe and supervisor informed,"Review conditions, brief personnel and verify controls",Unassigned,2026-07-21,In Progress,True,44,SYN-EVID-0009,Low,Unassigned,2026-07-23
SE-0010,2026-07-21T20:00:00,Fatigue or excessive overtime,Operator observation,South Container Terminal,Reefer Stack,Medium,Synthetic fatigue or excessive overtime observation for workflow demonstration,6,Area made safe and supervisor informed,"Review conditions, brief personnel and verify controls",Unassigned,2026-07-16,Closed,False,50,SYN-EVID-0010,Medium,Unassigned,2026-07-23
SE-0011,2026-07-21T16:00:00,Near miss,Sensor alarm,MV Horizon Star,Engine Room,High,Synthetic near miss observation for workflow demonstration,2,Area made safe and supervisor informed,"Review conditions, brief personnel and verify controls",Unassigned,2026-08-02,New,False,69,SYN-EVID-0011,High,Unassigned,2026-07-23
SE-0012,2026-07-21T12:00:00,Equipment safety interlock alarm,Supervisor inspection,MV Meridian,Access Gate,Critical,Synthetic equipment safety interlock alarm observation for workflow demonstration,7,Area made safe and supervisor informed,"Review conditions, brief personnel and verify controls",Unassigned,2026-08-13,Acknowledged,False,99,SYN-EVID-0012,Critical,Unassigned,2026-07-23
SE-0013,2026-07-21T08:00:00,Missing PPE,Synthetic camera event,North Container Terminal,Berth 1,Low,Synthetic missing ppe observation for workflow demonstration,4,Area made safe and supervisor informed,"Review conditions, brief personnel and verify controls",Unassigned,2026-07-12,Under Review,True,38,SYN-EVID-0013,Low,Unassigned,2026-07-23
SE-0014,2026-07-21T04:00:00,Worker and vehicle proximity,Operator observation,South Container Terminal,Yard A,Medium,Synthetic worker and vehicle proximity observation for workflow demonstration,7,Area made safe and supervisor informed,"Review conditions, brief personnel and verify controls",Unassigned,2026-07-20,In Progress,True,64,SYN-EVID-0014,Medium,Unassigned,2026-07-23
SE-0015,2026-07-21T00:00:00,Restricted-area entry,Sensor alarm,MV Horizon Star,Workshop,High,Synthetic restricted-area entry observation for workflow demonstration,6,Area made safe and supervisor informed,"Review conditions, brief personnel and verify controls",Unassigned,2026-08-14,Closed,False,77,SYN-EVID-0015,High,Unassigned,2026-07-23
SE-0016,2026-07-20T20:00:00,Unsafe lifting activity,Supervisor inspection,MV Meridian,Reefer Stack,Critical,Synthetic unsafe lifting activity observation for workflow demonstration,5,Area made safe and supervisor informed,"Review conditions, brief personnel and verify controls",Unassigned,2026-08-07,New,False,95,SYN-EVID-0016,Critical,Unassigned,2026-07-23
SE-0017,2026-07-20T16:00:00,Person below suspended load,Synthetic camera event,North Container Terminal,Engine Room,Low,Synthetic person below suspended load observation for workflow demonstration,7,Area made safe and supervisor informed,"Review conditions, brief personnel and verify controls",Unassigned,2026-08-09,Acknowledged,False,32,SYN-EVID-0017,Low,Unassigned,2026-07-23
SE-0018,2026-07-20T12:00:00,Vehicle speeding,Operator observation,South Container Terminal,Access Gate,Medium,Synthetic vehicle speeding observation for workflow demonstration,2,Area made safe and supervisor informed,"Review conditions, brief personnel and verify controls",Unassigned,2026-07-18,Under Review,True,54,SYN-EVID-0018,Medium,Unassigned,2026-07-23
SE-0019,2026-07-20T08:00:00,Fire or smoke observation,Sensor alarm,MV Horizon Star,Berth 1,High,Synthetic fire or smoke observation observation for workflow demonstration,7,Area made safe and supervisor informed,"Review conditions, brief personnel and verify controls",Unassigned,2026-07-14,In Progress,True,91,SYN-EVID-0019,High,Unassigned,2026-07-23
SE-0020,2026-07-20T04:00:00,Oil or chemical spill,Supervisor inspection,MV Meridian,Yard A,Critical,Synthetic oil or chemical spill observation for workflow demonstration,5,Area made safe and supervisor informed,"Review conditions, brief personnel and verify controls",Unassigned,2026-08-02,Closed,False,95,SYN-EVID-0020,Critical,Unassigned,2026-07-23
SE-0021,2026-07-20T00:00:00,Unsafe working at height,Synthetic camera event,North Container Terminal,Workshop,Low,Synthetic unsafe working at height observation for workflow demonstration,6,Area made safe and supervisor informed,"Review conditions, brief personnel and verify controls",Unassigned,2026-07-12,New,True,42,SYN-EVID-0021,Low,Unassigned,2026-07-23
SE-0022,2026-07-19T20:00:00,Fatigue or excessive overtime,Operator observation,South Container Terminal,Reefer Stack,Medium,Synthetic fatigue or excessive overtime observation for workflow demonstration,1,Area made safe and supervisor informed,"Review conditions, brief personnel and verify controls",Unassigned,2026-08-15,Acknowledged,False,40,SYN-EVID-0022,Medium,Unassigned,2026-07-23
SE-0023,2026-07-19T16:00:00,Near miss,Sensor alarm,MV Horizon Star,Engine Room,High,Synthetic near miss observation for workflow demonstration,1,Area made safe and supervisor informed,"Review conditions, brief personnel and verify controls",Unassigned,2026-08-03,Under Review,False,67,SYN-EVID-0023,High,Unassigned,2026-07-23
SE-0024,2026-07-19T12:00:00,Equipment safety interlock alarm,Supervisor inspection,MV Meridian,Access Gate,Critical,Synthetic equipment safety interlock alarm observation for workflow demonstration,3,Area made safe and supervisor informed,"Review conditions, brief personnel and verify controls",Unassigned,2026-08-15,In Progress,False,91,SYN-EVID-0024,Critical,Unassigned,2026-07-23
SE-0025,2026-07-19T08:00:00,Missing PPE,Synthetic camera event,North Container Terminal,Berth 1,Low,Synthetic missing ppe observation for workflow demonstration,3,Area made safe and supervisor informed,"Review conditions, brief personnel and verify controls",Unassigned,2026-08-12,Closed,False,24,SYN-EVID-0025,Low,Unassigned,2026-07-23
SE-0026,2026-07-19T04:00:00,Worker and vehicle proximity,Operator observation,South Container Terminal,Yard A,Medium,Synthetic worker and vehicle proximity observation for workflow demonstration,3,Area made safe and supervisor informed,"Review conditions, brief personnel and verify controls",Unassigned,2026-08-11,New,False,44,SYN-EVID-0026,Medium,Unassigned,2026-07-23
SE-0027,2026-07-19T00:00:00,Restricted-area entry,Sensor alarm,MV Horizon Star,Workshop,High,Synthetic restricted-area entry observation for workflow demonstration,1,Area made safe and supervisor informed,"Review conditions, brief personnel and verify controls",Unassigned,2026-08-07,Acknowledged,False,67,SYN-EVID-0027,High,Unassigned,2026-07-23
SE-0028,2026-07-18T20:00:00,Unsafe lifting activity,Supervisor inspection,MV Meridian,Reefer Stack,Critical,Synthetic unsafe lifting activity observation for workflow demonstration,6,Area made safe and supervisor informed,"Review conditions, brief personnel and verify controls",Unassigned,2026-07-14,Under Review,True,100,SYN-EVID-0028,Critical,Unassigned,2026-07-23
SE-0029,2026-07-18T16:00:00,Person below suspended load,Synthetic camera event,North Container Terminal,Engine Room,Low,Synthetic person below suspended load observation for workflow demonstration,7,Area made safe and supervisor informed,"Review conditions, brief personnel and verify controls",Unassigned,2026-08-03,In Progress,False,32,SYN-EVID-0029,Low,Unassigned,2026-07-23
SE-0030,2026-07-18T12:00:00,Vehicle speeding,Operator observation,South Container Terminal,Access Gate,Medium,Synthetic vehicle speeding observation for workflow demonstration,6,Area made safe and supervisor informed,"Review conditions, brief personnel and verify controls",Unassigned,2026-08-03,Closed,False,50,SYN-EVID-0030,Medium,Unassigned,2026-07-23
SE-0031,2026-07-18T08:00:00,Fire or smoke observation,Sensor alarm,MV Horizon Star,Berth 1,High,Synthetic fire or smoke observation observation for workflow demonstration,4,Area made safe and supervisor informed,"Review conditions, brief personnel and verify controls",Unassigned,2026-08-15,New,False,73,SYN-EVID-0031,High,Unassigned,2026-07-23
SE-0032,2026-07-18T04:00:00,Oil or chemical spill,Supervisor inspection,MV Meridian,Yard A,Critical,Synthetic oil or chemical spill observation for workflow demonstration,7,Area made safe and supervisor informed,"Review conditions, brief personnel and verify controls",Unassigned,2026-08-05,Acknowledged,False,99,SYN-EVID-0032,Critical,Unassigned,2026-07-23
SE-0033,2026-07-18T00:00:00,Unsafe working at height,Synthetic camera event,North Container Terminal,Workshop,Low,Synthetic unsafe working at height observation for workflow demonstration,4,Area made safe and supervisor informed,"Review conditions, brief personnel and verify controls",Unassigned,2026-08-11,Under Review,False,26,SYN-EVID-0033,Low,Unassigned,2026-07-23
SE-0034,2026-07-17T20:00:00,Fatigue or excessive overtime,Operator observation,South Container Terminal,Reefer Stack,Medium,Synthetic fatigue or excessive overtime observation for workflow demonstration,1,Area made safe and supervisor informed,"Review conditions, brief personnel and verify controls",Unassigned,2026-08-16,In Progress,False,40,SYN-EVID-0034,Medium,Unassigned,2026-07-23
SE-0035,2026-07-17T16:00:00,Near miss,Sensor alarm,MV Horizon Star,Engine Room,High,Synthetic near miss observation for workflow demonstration,7,Area made safe and supervisor informed,"Review conditions, brief personnel and verify controls",Unassigned,2026-08-05,Closed,False,79,SYN-EVID-0035,High,Unassigned,2026-07-23
SE-0036,2026-07-17T12:00:00,Equipment safety interlock alarm,Supervisor inspection,MV Meridian,Access Gate,Critical,Synthetic equipment safety interlock alarm observation for workflow demonstration,1,Area made safe and supervisor informed,"Review conditions, brief personnel and verify controls",Unassigned,2026-08-03,New,False,87,SYN-EVID-0036,Critical,Unassigned,2026-07-23
SE-0037,2026-07-17T08:00:00,Missing PPE,Synthetic camera event,North Container Terminal,Berth 1,Low,Synthetic missing ppe observation for workflow demonstration,2,Area made safe and supervisor informed,"Review conditions, brief personnel and verify controls",Unassigned,2026-07-16,Acknowledged,True,34,SYN-EVID-0037,Low,Unassigned,2026-07-23
SE-0038,2026-07-17T04:00:00,Worker and vehicle proximity,Operator observation,South Container Terminal,Yard A,Medium,Synthetic worker and vehicle proximity observation for workflow demonstration,1,Area made safe and supervisor informed,"Review conditions, brief personnel and verify controls",Unassigned,2026-08-02,Under Review,False,40,SYN-EVID-0038,Medium,Unassigned,2026-07-23
SE-0039,2026-07-17T00:00:00,Restricted-area entry,Sensor alarm,MV Horizon Star,Workshop,High,Synthetic restricted-area entry observation for workflow demonstration,7,Area made safe and supervisor informed,"Review conditions, brief personnel and verify controls",Unassigned,2026-07-18,In Progress,True,91,SYN-EVID-0039,High,Unassigned,2026-07-23
SE-0040,2026-07-16T20:00:00,Unsafe lifting activity,Supervisor inspection,MV Meridian,Reefer Stack,Critical,Synthetic unsafe lifting activity observation for workflow demonstration,2,Area made safe and supervisor informed,"Review conditions, brief personnel and verify controls",Unassigned,2026-07-19,Closed,False,89,SYN-EVID-0040,Critical,Unassigned,2026-07-23
SE-0041,2026-07-16T16:00:00,Person below suspended load,Synthetic camera event,North Container Terminal,Engine Room,Low,Synthetic person below suspended load observation for workflow demonstration,1,Area made safe and supervisor informed,"Review conditions, brief personnel and verify controls",Unassigned,2026-08-07,New,False,20,SYN-EVID-0041,Low,Unassigned,2026-07-23
SE-0042,2026-07-16T12:00:00,Vehicle speeding,Operator observation,South Container Terminal,Access Gate,Medium,Synthetic vehicle speeding observation for workflow demonstration,1,Area made safe and supervisor informed,"Review conditions, brief personnel and verify controls",Unassigned,2026-08-13,Acknowledged,False,40,SYN-EVID-0042,Medium,Unassigned,2026-07-23
SE-0043,2026-07-16T08:00:00,Fire or smoke observation,Sensor alarm,MV Horizon Star,Berth 1,High,Synthetic fire or smoke observation observation for workflow demonstration,3,Area made safe and supervisor informed,"Review conditions, brief personnel and verify controls",Unassigned,2026-08-06,Under Review,False,71,SYN-EVID-0043,High,Unassigned,2026-07-23
SE-0044,2026-07-16T04:00:00,Oil or chemical spill,Supervisor inspection,MV Meridian,Yard A,Critical,Synthetic oil or chemical spill observation for workflow demonstration,6,Area made safe and supervisor informed,"Review conditions, brief personnel and verify controls",Unassigned,2026-08-06,In Progress,False,97,SYN-EVID-0044,Critical,Unassigned,2026-07-23
SE-0045,2026-07-16T00:00:00,Unsafe working at height,Synthetic camera event,North Container Terminal,Workshop,Low,Synthetic unsafe working at height observation for workflow demonstration,4,Area made safe and supervisor informed,"Review conditions, brief personnel and verify controls",Unassigned,2026-08-01,Closed,False,26,SYN-EVID-0045,Low,Unassigned,2026-07-23
SE-0046,2026-07-15T20:00:00,Fatigue or excessive overtime,Operator observation,South Container Terminal,Reefer Stack,Medium,Synthetic fatigue or excessive overtime observation for workflow demonstration,1,Area made safe and supervisor informed,"Review conditions, brief personnel and verify controls",Unassigned,2026-07-16,New,True,52,SYN-EVID-0046,Medium,Unassigned,2026-07-23
SE-0047,2026-07-15T16:00:00,Near miss,Sensor alarm,MV Horizon Star,Engine Room,High,Synthetic near miss observation for workflow demonstration,7,Area made safe and supervisor informed,"Review conditions, brief personnel and verify controls",Unassigned,2026-08-14,Acknowledged,False,79,SYN-EVID-0047,High,Unassigned,2026-07-23
SE-0048,2026-07-15T12:00:00,Equipment safety interlock alarm,Supervisor inspection,MV Meridian,Access Gate,Critical,Synthetic equipment safety interlock alarm observation for workflow demonstration,4,Area made safe and supervisor informed,"Review conditions, brief personnel and verify controls",Unassigned,2026-07-21,Under Review,True,100,SYN-EVID-0048,Critical,Unassigned,2026-07-23
